,fx,fy,fz,mx,my,mz,v1,v2
0.0,-0.10986328125,-0.079345703125,0.396728515625,-0.10498046875,0.08056640625,0.00732421875,0.0,0.0
0.0,-0.10986328125,-0.1312255859375,0.74462890625,-0.1025390625,0.05859375,0.0244140625,0.0,0.0
0.0,-0.10986328125,-0.13427734375,0.74462890625,-0.10986328125,0.0537109375,0.029296875,0.0,0.0
0.14471452798191067,-0.1068115234375,-0.1312255859375,0.74462890625,-0.10986328125,0.0537109375,0.03173828125,0.0,0.0
0.2532504239683437,-0.10986328125,-0.13427734375,0.74462890625,-0.10986328125,0.0537109375,0.0341796875,0.0,0.0
0.3979649519502544,-0.10986328125,-0.1312255859375,0.74462890625,-0.10986328125,0.0537109375,0.03173828125,0.0,0.0
0.5065008479366874,-0.10986328125,-0.1312255859375,0.74462890625,-0.10986328125,0.05615234375,0.029296875,0.0,0.0
0.6512153759185981,-0.10986328125,-0.128173828125,0.750732421875,-0.1123046875,0.05859375,0.02685546875,0.0,0.0
0.7597512719050311,-0.1129150390625,-0.1312255859375,0.7568359375,-0.11474609375,0.05615234375,0.029296875,0.0,0.0
0.8682871678914641,-0.115966796875,-0.1373291015625,0.7568359375,-0.1123046875,0.05615234375,0.03173828125,0.0,0.0
0.9768230638778971,-0.115966796875,-0.1373291015625,0.7568359375,-0.1123046875,0.05615234375,0.03173828125,0.0,0.0
1.1215375918598078,-0.1129150390625,-0.13427734375,0.7568359375,-0.1123046875,0.05615234375,0.029296875,0.0,0.0
1.2300734878462407,-0.1129150390625,-0.1312255859375,0.7568359375,-0.1123046875,0.05615234375,0.02685546875,0.0,0.0
1.3747880158281516,-0.1129150390625,-0.128173828125,0.762939453125,-0.1123046875,0.0537109375,0.029296875,0.0,0.0
1.4833239118145845,-0.1129150390625,-0.1312255859375,0.76904296875,-0.1123046875,0.05126953125,0.029296875,0.0,0.0
1.5918598078010175,-0.115966796875,-0.13427734375,0.76904296875,-0.11474609375,0.0537109375,0.029296875,0.0,0.0
1.7365743357829282,-0.1190185546875,-0.1373291015625,0.7568359375,-0.11474609375,0.05859375,0.029296875,0.0,0.0
1.8812888637648388,-0.1312255859375,-0.13427734375,0.74462890625,-0.11474609375,0.05859375,0.0244140625,0.0,0.0
1.989824759751272,-0.13427734375,-0.13427734375,0.74462890625,-0.11474609375,0.05615234375,0.0244140625,0.0,0.0
2.134539287733183,-0.1312255859375,-0.13427734375,0.750732421875,-0.11474609375,0.0537109375,0.0244140625,0.0,0.0
2.2430751837196157,-0.1251220703125,-0.13427734375,0.7568359375,-0.1123046875,0.05615234375,0.02685546875,0.0,0.0
2.3516110797060485,-0.1190185546875,-0.13427734375,0.750732421875,-0.1123046875,0.05615234375,0.029296875,0.0,0.0
2.4601469756924814,-0.115966796875,-0.1312255859375,0.750732421875,-0.10986328125,0.05615234375,0.029296875,0.0,0.0
2.6048615036743925,-0.1129150390625,-0.1251220703125,0.7568359375,-0.1123046875,0.05126953125,0.029296875,0.0,0.0
2.7133973996608254,-0.1129150390625,-0.1251220703125,0.7568359375,-0.1123046875,0.05126953125,0.029296875,0.0,0.0
2.8219332956472583,-0.1129150390625,-0.128173828125,0.7568359375,-0.1123046875,0.0537109375,0.029296875,0.0,0.0
2.9304691916336916,-0.1129150390625,-0.1312255859375,0.7568359375,-0.1123046875,0.05615234375,0.029296875,0.0,0.0
3.0390050876201244,-0.1129150390625,-0.128173828125,0.7568359375,-0.1123046875,0.0537109375,0.03173828125,0.0,0.0
3.183719615602035,-0.1129150390625,-0.1251220703125,0.750732421875,-0.1171875,0.0537109375,0.0341796875,0.0,0.0
3.292255511588468,-0.1129150390625,-0.128173828125,0.750732421875,-0.1171875,0.0537109375,0.03173828125,0.0,0.0
3.4007914075749013,-0.1129150390625,-0.128173828125,0.750732421875,-0.1123046875,0.05615234375,0.029296875,0.0,0.0
3.545505935556812,-0.1129150390625,-0.128173828125,0.750732421875,-0.10986328125,0.05859375,0.02685546875,0.0,0.0
3.654041831543245,-0.1129150390625,-0.128173828125,0.750732421875,-0.10986328125,0.05859375,0.029296875,0.0,0.0
3.7625777275296777,-0.1129150390625,-0.128173828125,0.750732421875,-0.10986328125,0.05615234375,0.03173828125,0.0,0.0
3.871113623516111,-0.115966796875,-0.1251220703125,0.750732421875,-0.10986328125,0.0537109375,0.03173828125,0.0,0.0
4.015828151498021,-0.1190185546875,-0.128173828125,0.74462890625,-0.10986328125,0.05126953125,0.029296875,0.0,0.0
4.1243640474844545,-0.115966796875,-0.128173828125,0.74462890625,-0.10986328125,0.0537109375,0.029296875,0.0,0.0
4.269078575466366,-0.115966796875,-0.1312255859375,0.74462890625,-0.1123046875,0.05615234375,0.029296875,0.0,0.0
4.377614471452798,-0.115966796875,-0.1312255859375,0.750732421875,-0.1123046875,0.05859375,0.029296875,0.0,0.0
4.486150367439231,-0.115966796875,-0.1312255859375,0.7568359375,-0.10986328125,0.05859375,0.029296875,0.0,0.0
4.594686263425664,-0.115966796875,-0.1312255859375,0.7568359375,-0.107421875,0.05859375,0.029296875,0.0,0.0
4.703222159412097,-0.1190185546875,-0.1312255859375,0.750732421875,-0.10986328125,0.05859375,0.029296875,0.0,0.0
4.81175805539853,-0.1190185546875,-0.1312255859375,0.74462890625,-0.1123046875,0.05859375,0.029296875,0.0,0.0
4.920293951384963,-0.1190185546875,-0.1373291015625,0.74462890625,-0.1123046875,0.05859375,0.029296875,0.0,0.0
5.065008479366874,-0.1190185546875,-0.1373291015625,0.74462890625,-0.107421875,0.05859375,0.029296875,0.0,0.0
5.173544375353307,-0.1129150390625,-0.13427734375,0.74462890625,-0.10498046875,0.05859375,0.029296875,0.0,0.0
5.28208027133974,-0.10986328125,-0.1312255859375,0.750732421875,-0.10498046875,0.05859375,0.029296875,0.0,0.0
5.390616167326173,-0.10986328125,-0.13427734375,0.7568359375,-0.10986328125,0.05859375,0.029296875,0.0,0.0
5.499152063312606,-0.10986328125,-0.13427734375,0.7568359375,-0.1123046875,0.05859375,0.029296875,0.0,0.0
5.6438665912945165,-0.10986328125,-0.13427734375,0.750732421875,-0.1123046875,0.0537109375,0.029296875,0.0,0.0
5.75240248728095,-0.10986328125,-0.13427734375,0.74462890625,-0.10986328125,0.0537109375,0.029296875,0.0,0.0
5.860938383267383,-0.10986328125,-0.13427734375,0.738525390625,-0.107421875,0.05615234375,0.029296875,0.0,0.0
5.969474279253816,-0.10986328125,-0.1312255859375,0.738525390625,-0.107421875,0.05615234375,0.029296875,0.0,0.0
6.078010175240249,-0.10986328125,-0.1312255859375,0.750732421875,-0.107421875,0.05615234375,0.029296875,0.0,0.0
6.222724703222159,-0.10986328125,-0.1312255859375,0.762939453125,-0.107421875,0.05615234375,0.029296875,0.0,0.0
6.331260599208592,-0.10986328125,-0.128173828125,0.762939453125,-0.107421875,0.05615234375,0.029296875,0.0,0.0
6.439796495195026,-0.10986328125,-0.128173828125,0.7568359375,-0.107421875,0.05615234375,0.029296875,0.0,0.0
6.548332391181458,-0.10986328125,-0.128173828125,0.762939453125,-0.107421875,0.05615234375,0.029296875,0.0,0.0
6.693046919163369,-0.10986328125,-0.128173828125,0.762939453125,-0.107421875,0.05615234375,0.029296875,0.0,0.0
6.801582815149803,-0.10986328125,-0.128173828125,0.762939453125,-0.10986328125,0.05615234375,0.029296875,0.0,0.0
6.910118711136235,-0.1129150390625,-0.1251220703125,0.762939453125,-0.10986328125,0.05615234375,0.029296875,0.0,0.0
7.054833239118146,-0.115966796875,-0.1220703125,0.762939453125,-0.10986328125,0.05615234375,0.029296875,0.0,0.0
7.1633691351045785,-0.1129150390625,-0.1190185546875,0.762939453125,-0.107421875,0.05615234375,0.029296875,0.0,0.0
7.271905031091012,-0.1129150390625,-0.1220703125,0.762939453125,-0.10498046875,0.05615234375,0.029296875,0.0,0.0
7.380440927077445,-0.1129150390625,-0.1220703125,0.762939453125,-0.10498046875,0.05615234375,0.029296875,0.0,0.0
7.525155455059355,-0.1190185546875,-0.1251220703125,0.7568359375,-0.10498046875,0.05126953125,0.029296875,0.0,0.0
7.633691351045789,-0.1190185546875,-0.128173828125,0.750732421875,-0.10498046875,0.05126953125,0.029296875,0.0,0.0
7.742227247032222,-0.115966796875,-0.1312255859375,0.7568359375,-0.10498046875,0.05126953125,0.029296875,0.0,0.0
7.886941775014132,-0.10986328125,-0.13427734375,0.7568359375,-0.10498046875,0.05126953125,0.029296875,0.0,0.0
7.9954776710005655,-0.10986328125,-0.1312255859375,0.7568359375,-0.107421875,0.05126953125,0.029296875,0.0,0.0
8.104013566986998,-0.1129150390625,-0.128173828125,0.7568359375,-0.10986328125,0.05126953125,0.029296875,0.0,0.0
8.248728094968909,-0.115966796875,-0.1312255859375,0.7568359375,-0.107421875,0.05126953125,0.029296875,0.0,0.0
8.357263990955342,-0.1129150390625,-0.1312255859375,0.7568359375,-0.107421875,0.05126953125,0.029296875,0.0,0.0
8.465799886941776,-0.10986328125,-0.1312255859375,0.7568359375,-0.107421875,0.05126953125,0.029296875,0.0,0.0
8.574335782928207,-0.10986328125,-0.1312255859375,0.762939453125,-0.107421875,0.05126953125,0.029296875,0.0,0.0
8.68287167891464,-0.1129150390625,-0.1312255859375,0.76904296875,-0.107421875,0.05126953125,0.029296875,0.0,0.0
8.791407574901074,-0.115966796875,-0.1312255859375,0.78125,-0.107421875,0.05126953125,0.03173828125,0.0,0.0
8.899943470887507,-0.1129150390625,-0.1312255859375,0.78125,-0.107421875,0.05126953125,0.0341796875,0.0,0.0
9.00847936687394,-0.1129150390625,-0.1312255859375,0.775146484375,-0.107421875,0.05126953125,0.03173828125,0.0,0.0
9.153193894855852,-0.1068115234375,-0.1312255859375,0.762939453125,-0.107421875,0.05126953125,0.02685546875,0.0,0.0
9.261729790842283,-0.1068115234375,-0.128173828125,0.7568359375,-0.107421875,0.05126953125,0.02685546875,0.0,0.0
9.370265686828716,-0.10986328125,-0.1251220703125,0.750732421875,-0.107421875,0.05126953125,0.029296875,0.0,0.0
9.47880158281515,-0.10986328125,-0.128173828125,0.74462890625,-0.107421875,0.05126953125,0.03173828125,0.0,0.0
9.587337478801583,-0.1068115234375,-0.1312255859375,0.750732421875,-0.10986328125,0.05126953125,0.03173828125,0.0,0.0
9.695873374788016,-0.103759765625,-0.13427734375,0.750732421875,-0.1123046875,0.0537109375,0.029296875,0.0,0.0
9.80440927077445,-0.1068115234375,-0.13427734375,0.7568359375,-0.11474609375,0.05615234375,0.02685546875,0.0,0.0
9.949123798756359,-0.1068115234375,-0.128173828125,0.762939453125,-0.1123046875,0.0537109375,0.029296875,0.0,0.0
10.057659694742792,-0.1068115234375,-0.128173828125,0.762939453125,-0.1123046875,0.0537109375,0.029296875,0.0,0.0
10.166195590729226,-0.1068115234375,-0.1312255859375,0.76904296875,-0.10986328125,0.05126953125,0.029296875,0.0,0.0
10.274731486715659,-0.1068115234375,-0.1312255859375,0.76904296875,-0.10986328125,0.05126953125,0.029296875,0.0,0.0
10.41944601469757,-0.1068115234375,-0.1312255859375,0.76904296875,-0.10986328125,0.05126953125,0.029296875,0.0,0.0
10.527981910684002,-0.1068115234375,-0.1312255859375,0.76904296875,-0.10986328125,0.05126953125,0.029296875,0.0,0.0
10.636517806670435,-0.1068115234375,-0.128173828125,0.775146484375,-0.10986328125,0.05126953125,0.029296875,0.0,0.0
10.745053702656868,-0.1068115234375,-0.128173828125,0.775146484375,-0.10986328125,0.05126953125,0.029296875,0.0,0.0
10.853589598643302,-0.10986328125,-0.1312255859375,0.775146484375,-0.10986328125,0.05126953125,0.029296875,0.0,0.0
10.998304126625213,-0.1129150390625,-0.13427734375,0.76904296875,-0.10498046875,0.0537109375,0.029296875,0.0,0.0
11.106840022611644,-0.1129150390625,-0.13427734375,0.7568359375,-0.10498046875,0.05615234375,0.029296875,0.0,0.0
11.215375918598077,-0.10986328125,-0.1312255859375,0.750732421875,-0.107421875,0.06103515625,0.029296875,0.0,0.0
11.32391181458451,-0.10986328125,-0.1312255859375,0.750732421875,-0.10986328125,0.06103515625,0.029296875,0.0,0.0
11.432447710570944,-0.10986328125,-0.13427734375,0.7568359375,-0.107421875,0.05859375,0.029296875,0.0,0.0
11.577162238552855,-0.10986328125,-0.1373291015625,0.762939453125,-0.10498046875,0.05615234375,0.029296875,0.0,0.0
11.685698134539289,-0.10986328125,-0.13427734375,0.7568359375,-0.1025390625,0.05859375,0.029296875,0.0,0.0
11.79423403052572,-0.10986328125,-0.1312255859375,0.762939453125,-0.1025390625,0.05859375,0.029296875,0.0,0.0
11.902769926512153,-0.10986328125,-0.1312255859375,0.76904296875,-0.10498046875,0.06103515625,0.02685546875,0.0,0.0
12.047484454494064,-0.10986328125,-0.13427734375,0.78125,-0.107421875,0.05859375,0.0244140625,0.0,0.0
12.156020350480498,-0.10986328125,-0.13427734375,0.78125,-0.10986328125,0.05859375,0.02685546875,0.0,0.0
12.264556246466931,-0.1068115234375,-0.13427734375,0.78125,-0.10986328125,0.05859375,0.03173828125,0.0,0.0
12.373092142453363,-0.103759765625,-0.128173828125,0.78125,-0.10986328125,0.05859375,0.03173828125,0.0,0.0
12.517806670435274,-0.1068115234375,-0.128173828125,0.775146484375,-0.10986328125,0.05859375,0.029296875,0.0,0.0
12.626342566421707,-0.1068115234375,-0.128173828125,0.76904296875,-0.10986328125,0.05859375,0.02685546875,0.0,0.0
12.73487846240814,-0.1068115234375,-0.128173828125,0.762939453125,-0.10986328125,0.05859375,0.029296875,0.0,0.0
12.843414358394574,-0.1068115234375,-0.128173828125,0.7568359375,-0.10986328125,0.05859375,0.029296875,0.0,0.0
12.988128886376485,-0.1068115234375,-0.128173828125,0.762939453125,-0.10498046875,0.05859375,0.029296875,0.0,0.0
13.096664782362916,-0.1068115234375,-0.128173828125,0.76904296875,-0.1025390625,0.05615234375,0.02685546875,0.0,0.0
13.20520067834935,-0.1068115234375,-0.128173828125,0.76904296875,-0.1025390625,0.0537109375,0.0244140625,0.0,0.0
13.313736574335783,-0.103759765625,-0.128173828125,0.762939453125,-0.10498046875,0.0537109375,0.0244140625,0.0,0.0
13.458451102317694,-0.1007080078125,-0.128173828125,0.76904296875,-0.107421875,0.05615234375,0.029296875,0.0,0.0
13.566986998304127,-0.103759765625,-0.128173828125,0.76904296875,-0.10498046875,0.05615234375,0.029296875,0.0,0.0
13.675522894290559,-0.103759765625,-0.128173828125,0.775146484375,-0.10498046875,0.05615234375,0.02685546875,0.0,0.0
13.784058790276992,-0.103759765625,-0.128173828125,0.76904296875,-0.10498046875,0.05615234375,0.02685546875,0.0,0.0
13.928773318258903,-0.103759765625,-0.1251220703125,0.762939453125,-0.107421875,0.05615234375,0.029296875,0.0,0.0
14.037309214245337,-0.103759765625,-0.1220703125,0.7568359375,-0.10986328125,0.05615234375,0.03173828125,0.0,0.0
14.14584511023177,-0.103759765625,-0.1190185546875,0.762939453125,-0.10498046875,0.05615234375,0.03173828125,0.0,0.0
14.29055963821368,-0.103759765625,-0.1220703125,0.762939453125,-0.1025390625,0.05126953125,0.029296875,0.0,0.0
14.399095534200113,-0.103759765625,-0.1251220703125,0.762939453125,-0.107421875,0.05126953125,0.02685546875,0.0,0.0
14.507631430186546,-0.1007080078125,-0.128173828125,0.762939453125,-0.10986328125,0.048828125,0.029296875,0.0,0.0
14.652345958168457,-0.09765625,-0.1251220703125,0.762939453125,-0.10986328125,0.05126953125,0.029296875,0.0,0.0
14.76088185415489,-0.1007080078125,-0.1220703125,0.76904296875,-0.107421875,0.0537109375,0.029296875,0.0,0.0
14.869417750141324,-0.103759765625,-0.1220703125,0.775146484375,-0.107421875,0.0537109375,0.029296875,0.0,0.0
15.014132278123233,-0.1007080078125,-0.1251220703125,0.76904296875,-0.1123046875,0.0537109375,0.029296875,0.0,0.0
15.122668174109666,-0.1007080078125,-0.128173828125,0.762939453125,-0.11474609375,0.0537109375,0.029296875,0.0,0.0
15.2312040700961,-0.1007080078125,-0.1251220703125,0.762939453125,-0.1123046875,0.0537109375,0.029296875,0.0,0.0
15.37591859807801,-0.1007080078125,-0.1251220703125,0.76904296875,-0.10498046875,0.0537109375,0.029296875,0.0,0.0
15.484454494064444,-0.1007080078125,-0.1251220703125,0.76904296875,-0.1025390625,0.0537109375,0.029296875,0.0,0.0
15.592990390050876,-0.1007080078125,-0.1251220703125,0.7568359375,-0.1025390625,0.0537109375,0.029296875,0.0,0.0
15.737704918032787,-0.1007080078125,-0.128173828125,0.750732421875,-0.10498046875,0.0537109375,0.029296875,0.0,0.0
15.84624081401922,-0.1007080078125,-0.128173828125,0.750732421875,-0.107421875,0.0537109375,0.029296875,0.0,0.0
15.954776710005653,-0.1007080078125,-0.1312255859375,0.750732421875,-0.107421875,0.0537109375,0.029296875,0.0,0.0
16.099491237987564,-0.1007080078125,-0.128173828125,0.750732421875,-0.10986328125,0.0537109375,0.029296875,0.0,0.0
16.208027133973996,-0.1007080078125,-0.128173828125,0.750732421875,-0.10986328125,0.0537109375,0.029296875,0.0,0.0
16.352741661955907,-0.1007080078125,-0.1251220703125,0.7568359375,-0.10986328125,0.0537109375,0.029296875,0.0,0.0
16.461277557942342,-0.1007080078125,-0.1251220703125,0.76904296875,-0.1123046875,0.0537109375,0.029296875,0.0,0.0
16.60599208592425,-0.1007080078125,-0.1251220703125,0.76904296875,-0.1123046875,0.0537109375,0.029296875,0.0,0.0
16.714527981910685,-0.1007080078125,-0.1251220703125,0.762939453125,-0.1123046875,0.0537109375,0.029296875,0.0,0.0
16.823063877897116,-0.1007080078125,-0.1251220703125,0.7568359375,-0.10986328125,0.0537109375,0.029296875,0.0,0.0
16.967778405879027,-0.1007080078125,-0.1220703125,0.7568359375,-0.107421875,0.0537109375,0.029296875,0.0,0.0
17.076314301865462,-0.1007080078125,-0.1190185546875,0.7568359375,-0.10986328125,0.0537109375,0.029296875,0.0,0.0
17.184850197851894,-0.1007080078125,-0.1220703125,0.7568359375,-0.1123046875,0.05126953125,0.029296875,0.0,0.0
17.329564725833805,-0.1007080078125,-0.1251220703125,0.7568359375,-0.10986328125,0.05126953125,0.029296875,0.0,0.0
17.438100621820237,-0.1007080078125,-0.1220703125,0.750732421875,-0.10498046875,0.0537109375,0.02685546875,0.0,0.0
17.54663651780667,-0.1007080078125,-0.115966796875,0.74462890625,-0.10498046875,0.05615234375,0.0244140625,0.0,0.0
17.691351045788583,-0.1007080078125,-0.1129150390625,0.750732421875,-0.107421875,0.05126953125,0.02685546875,0.0,0.0
17.799886941775014,-0.1007080078125,-0.115966796875,0.750732421875,-0.10986328125,0.048828125,0.02685546875,0.0,0.0
17.908422837761446,-0.1007080078125,-0.1220703125,0.750732421875,-0.107421875,0.048828125,0.02685546875,0.0,0.0
18.053137365743357,-0.1007080078125,-0.128173828125,0.750732421875,-0.107421875,0.0537109375,0.02685546875,0.0,0.0
18.161673261729792,-0.1007080078125,-0.128173828125,0.7568359375,-0.107421875,0.0537109375,0.02685546875,0.0,0.0
18.270209157716224,-0.1007080078125,-0.1251220703125,0.762939453125,-0.1123046875,0.05126953125,0.02685546875,0.0,0.0
18.414923685698135,-0.1007080078125,-0.128173828125,0.7568359375,-0.11474609375,0.0537109375,0.02685546875,0.0,0.0
18.523459581684566,-0.103759765625,-0.128173828125,0.750732421875,-0.11474609375,0.0537109375,0.02685546875,0.0,0.0
18.631995477671,-0.1068115234375,-0.128173828125,0.74462890625,-0.10986328125,0.05615234375,0.02685546875,0.0,0.0
18.776710005652912,-0.103759765625,-0.128173828125,0.750732421875,-0.10986328125,0.0537109375,0.02685546875,0.0,0.0
18.885245901639344,-0.1007080078125,-0.128173828125,0.762939453125,-0.10986328125,0.05126953125,0.02685546875,0.0,0.0
19.029960429621255,-0.09765625,-0.128173828125,0.76904296875,-0.107421875,0.05126953125,0.02685546875,0.0,0.0
19.138496325607687,-0.1007080078125,-0.1251220703125,0.76904296875,-0.10498046875,0.05126953125,0.02685546875,0.0,0.0
19.24703222159412,-0.103759765625,-0.1220703125,0.762939453125,-0.10498046875,0.05126953125,0.02685546875,0.0,0.0
19.391746749576033,-0.1007080078125,-0.1190185546875,0.76904296875,-0.10498046875,0.0537109375,0.02685546875,0.0,0.0
19.500282645562464,-0.1007080078125,-0.1220703125,0.76904296875,-0.10498046875,0.0537109375,0.02685546875,0.0,0.0
19.6088185415489,-0.103759765625,-0.1220703125,0.76904296875,-0.10498046875,0.05615234375,0.02685546875,0.0,0.0
19.753533069530807,-0.10986328125,-0.1190185546875,0.7568359375,-0.10498046875,0.0537109375,0.02685546875,0.0,0.0
19.862068965517242,-0.10986328125,-0.115966796875,0.7568359375,-0.10498046875,0.0537109375,0.0244140625,0.0,0.0
20.006783493499153,-0.1068115234375,-0.1190185546875,0.762939453125,-0.10498046875,0.0537109375,0.02197265625,0.0,0.0
20.115319389485585,-0.103759765625,-0.1190185546875,0.76904296875,-0.1025390625,0.0537109375,0.0244140625,0.0,0.0
20.22385528547202,-0.1068115234375,-0.1220703125,0.762939453125,-0.10009765625,0.0537109375,0.02685546875,0.0,0.0
20.368569813453927,-0.10986328125,-0.1190185546875,0.762939453125,-0.1025390625,0.0537109375,0.029296875,0.0,0.0
20.477105709440362,-0.1068115234375,-0.1190185546875,0.762939453125,-0.1025390625,0.0537109375,0.02685546875,0.0,0.0
20.621820237422273,-0.1068115234375,-0.1190185546875,0.76904296875,-0.1025390625,0.05615234375,0.0244140625,0.0,0.0
20.730356133408705,-0.103759765625,-0.1190185546875,0.775146484375,-0.1025390625,0.05859375,0.0244140625,0.0,0.0
20.83889202939514,-0.1007080078125,-0.1190185546875,0.775146484375,-0.1025390625,0.05615234375,0.0244140625,0.0,0.0
20.94742792538157,-0.103759765625,-0.1190185546875,0.76904296875,-0.1025390625,0.05126953125,0.0244140625,0.0,0.0
21.055963821368003,-0.103759765625,-0.1190185546875,0.762939453125,-0.1025390625,0.048828125,0.0244140625,0.0,0.0
21.200678349349914,-0.1068115234375,-0.1220703125,0.7568359375,-0.10009765625,0.04638671875,0.0244140625,0.0,0.0
21.30921424533635,-0.1068115234375,-0.1251220703125,0.750732421875,-0.09765625,0.04638671875,0.0244140625,0.0,0.0
21.41775014132278,-0.1068115234375,-0.128173828125,0.74462890625,-0.09521484375,0.04638671875,0.0244140625,0.0,0.0
21.526286037309216,-0.103759765625,-0.128173828125,0.738525390625,-0.09521484375,0.04638671875,0.0244140625,0.0,0.0
21.634821933295648,-0.1007080078125,-0.1251220703125,0.74462890625,-0.10009765625,0.04638671875,0.0244140625,0.0,0.0
21.74335782928208,-0.103759765625,-0.128173828125,0.750732421875,-0.10498046875,0.048828125,0.02685546875,0.0,0.0
21.88807235726399,-0.1068115234375,-0.128173828125,0.7568359375,-0.107421875,0.0537109375,0.029296875,0.0,0.0
21.996608253250425,-0.1068115234375,-0.128173828125,0.762939453125,-0.10498046875,0.05615234375,0.02685546875,0.0,0.0
22.105144149236857,-0.10986328125,-0.128173828125,0.762939453125,-0.1025390625,0.0537109375,0.02685546875,0.0,0.0
22.21368004522329,-0.1068115234375,-0.1220703125,0.7568359375,-0.1025390625,0.048828125,0.02685546875,0.0,0.0
22.322215941209723,-0.1068115234375,-0.1220703125,0.750732421875,-0.1025390625,0.0439453125,0.02685546875,0.0,0.0
22.430751837196155,-0.10986328125,-0.1251220703125,0.74462890625,-0.10009765625,0.0439453125,0.0244140625,0.0,0.0
22.575466365178066,-0.1129150390625,-0.128173828125,0.74462890625,-0.09521484375,0.0439453125,0.0244140625,0.0,0.0
22.6840022611645,-0.1129150390625,-0.1251220703125,0.750732421875,-0.09521484375,0.04638671875,0.0244140625,0.0,0.0
22.792538157150933,-0.10986328125,-0.1251220703125,0.7568359375,-0.10009765625,0.048828125,0.0244140625,0.0,0.0
22.901074053137364,-0.1068115234375,-0.1251220703125,0.762939453125,-0.10498046875,0.05126953125,0.02685546875,0.0,0.0
23.0096099491238,-0.1068115234375,-0.1251220703125,0.7568359375,-0.10498046875,0.05126953125,0.02685546875,0.0,0.0
23.15432447710571,-0.1068115234375,-0.1251220703125,0.74462890625,-0.09521484375,0.04638671875,0.02685546875,0.0,0.0
23.262860373092142,-0.1068115234375,-0.1251220703125,0.738525390625,-0.09033203125,0.0439453125,0.02685546875,0.0,0.0
23.371396269078577,-0.1068115234375,-0.1251220703125,0.738525390625,-0.09033203125,0.0439453125,0.0244140625,0.0,0.0
23.47993216506501,-0.10986328125,-0.1220703125,0.74462890625,-0.09521484375,0.04638671875,0.0244140625,0.0,0.0
23.58846806105144,-0.10986328125,-0.1190185546875,0.7568359375,-0.1025390625,0.048828125,0.02197265625,0.0,0.0
23.697003957037875,-0.10986328125,-0.1190185546875,0.762939453125,-0.10498046875,0.0537109375,0.0244140625,0.0,0.0
23.841718485019786,-0.1068115234375,-0.1220703125,0.76904296875,-0.107421875,0.05859375,0.02685546875,0.0,0.0
23.950254381006218,-0.103759765625,-0.1220703125,0.762939453125,-0.10498046875,0.05859375,0.02685546875,0.0,0.0
24.058790276992653,-0.10986328125,-0.1220703125,0.762939453125,-0.10498046875,0.05615234375,0.02685546875,0.0,0.0
24.167326172979084,-0.1129150390625,-0.1220703125,0.7568359375,-0.10498046875,0.05126953125,0.02685546875,0.0,0.0
24.312040700960996,-0.10986328125,-0.1251220703125,0.750732421875,-0.10498046875,0.05126953125,0.02685546875,0.0,0.0
24.420576596947427,-0.103759765625,-0.128173828125,0.74462890625,-0.10498046875,0.0537109375,0.02685546875,0.0,0.0
24.529112492933862,-0.103759765625,-0.128173828125,0.750732421875,-0.1025390625,0.0537109375,0.02685546875,0.0,0.0
24.637648388920294,-0.1068115234375,-0.1251220703125,0.750732421875,-0.10009765625,0.05126953125,0.02685546875,0.0,0.0
24.782362916902205,-0.10986328125,-0.1251220703125,0.762939453125,-0.1025390625,0.04638671875,0.02685546875,0.0,0.0
24.890898812888636,-0.10986328125,-0.128173828125,0.762939453125,-0.1025390625,0.04638671875,0.02685546875,0.0,0.0
24.99943470887507,-0.1068115234375,-0.1312255859375,0.7568359375,-0.1025390625,0.048828125,0.02685546875,0.0,0.0
25.107970604861503,-0.103759765625,-0.1312255859375,0.750732421875,-0.09765625,0.05126953125,0.02685546875,0.0,0.0
25.252685132843414,-0.1068115234375,-0.128173828125,0.7568359375,-0.09765625,0.048828125,0.02685546875,0.0,0.0
25.361221028829846,-0.103759765625,-0.1251220703125,0.76904296875,-0.10009765625,0.048828125,0.02685546875,0.0,0.0
25.46975692481628,-0.103759765625,-0.128173828125,0.76904296875,-0.10498046875,0.048828125,0.02685546875,0.0,0.0
25.578292820802712,-0.1007080078125,-0.128173828125,0.762939453125,-0.10498046875,0.05126953125,0.02685546875,0.0,0.0
25.723007348784623,-0.103759765625,-0.128173828125,0.750732421875,-0.1025390625,0.0537109375,0.02685546875,0.0,0.0
25.83154324477106,-0.103759765625,-0.128173828125,0.74462890625,-0.10009765625,0.05126953125,0.02685546875,0.0,0.0
25.94007914075749,-0.103759765625,-0.128173828125,0.74462890625,-0.1025390625,0.048828125,0.02685546875,0.0,0.0
26.0847936687394,-0.09765625,-0.128173828125,0.74462890625,-0.10498046875,0.05126953125,0.02685546875,0.0,0.0
26.193329564725833,-0.09765625,-0.128173828125,0.74462890625,-0.1025390625,0.05126953125,0.02685546875,0.0,0.0
26.338044092707744,-0.1007080078125,-0.128173828125,0.74462890625,-0.1025390625,0.048828125,0.02685546875,0.0,0.0
26.44657998869418,-0.09765625,-0.128173828125,0.750732421875,-0.1025390625,0.048828125,0.02685546875,0.0,0.0
26.55511588468061,-0.09765625,-0.128173828125,0.7568359375,-0.10498046875,0.048828125,0.02685546875,0.0,0.0
26.69983041266252,-0.09765625,-0.128173828125,0.762939453125,-0.107421875,0.05126953125,0.02685546875,0.0,0.0
26.808366308648953,-0.09765625,-0.128173828125,0.7568359375,-0.10498046875,0.05615234375,0.02685546875,0.0,0.0
26.916902204635388,-0.1007080078125,-0.128173828125,0.7568359375,-0.1025390625,0.05615234375,0.02685546875,0.0,0.0
27.0616167326173,-0.103759765625,-0.128173828125,0.762939453125,-0.10498046875,0.0537109375,0.02685546875,0.0,0.0
27.17015262860373,-0.1007080078125,-0.1312255859375,0.76904296875,-0.10498046875,0.05126953125,0.02685546875,0.0,0.0
27.278688524590162,-0.09765625,-0.13427734375,0.762939453125,-0.10498046875,0.0537109375,0.02685546875,0.0,0.0
27.387224420576597,-0.1007080078125,-0.1373291015625,0.762939453125,-0.107421875,0.0537109375,0.02685546875,0.0,0.0
27.53193894855851,-0.1068115234375,-0.13427734375,0.750732421875,-0.107421875,0.05615234375,0.02685546875,0.0,0.0
27.64047484454494,-0.1068115234375,-0.1312255859375,0.750732421875,-0.107421875,0.05615234375,0.02685546875,0.0,0.0
27.749010740531375,-0.1068115234375,-0.128173828125,0.7568359375,-0.107421875,0.05615234375,0.02685546875,0.0,0.0
27.857546636517807,-0.1068115234375,-0.128173828125,0.7568359375,-0.10498046875,0.05615234375,0.02685546875,0.0,0.0
28.002261164499718,-0.1068115234375,-0.13427734375,0.7568359375,-0.1025390625,0.05615234375,0.02685546875,0.0,0.0
28.11079706048615,-0.1068115234375,-0.13427734375,0.7568359375,-0.10498046875,0.05615234375,0.02685546875,0.0,0.0
28.219332956472584,-0.103759765625,-0.1312255859375,0.750732421875,-0.107421875,0.05615234375,0.02685546875,0.0,0.0
28.364047484454495,-0.1007080078125,-0.1312255859375,0.74462890625,-0.10498046875,0.05615234375,0.0244140625,0.0,0.0
28.472583380440927,-0.103759765625,-0.1312255859375,0.74462890625,-0.10498046875,0.05615234375,0.0244140625,0.0,0.0
28.58111927642736,-0.1068115234375,-0.1312255859375,0.738525390625,-0.10498046875,0.05615234375,0.029296875,0.0,0.0
28.689655172413794,-0.10986328125,-0.1312255859375,0.738525390625,-0.1025390625,0.05615234375,0.029296875,0.0,0.0
28.834369700395705,-0.1068115234375,-0.1312255859375,0.738525390625,-0.1025390625,0.05615234375,0.02685546875,0.0,0.0
28.942905596382136,-0.103759765625,-0.1312255859375,0.738525390625,-0.1025390625,0.05615234375,0.0244140625,0.0,0.0
29.05144149236857,-0.103759765625,-0.1312255859375,0.738525390625,-0.107421875,0.05615234375,0.02685546875,0.0,0.0
29.19615602035048,-0.1068115234375,-0.13427734375,0.74462890625,-0.10986328125,0.05615234375,0.02685546875,0.0,0.0
29.304691916336914,-0.1068115234375,-0.13427734375,0.74462890625,-0.10986328125,0.05615234375,0.02685546875,0.0,0.0
29.413227812323345,-0.1068115234375,-0.1373291015625,0.74462890625,-0.10498046875,0.05615234375,0.02685546875,0.0,0.0
29.557942340305257,-0.1068115234375,-0.13427734375,0.74462890625,-0.10498046875,0.06103515625,0.02685546875,0.0,0.0
29.66647823629169,-0.1068115234375,-0.13427734375,0.738525390625,-0.10498046875,0.06103515625,0.02685546875,0.0,0.0
29.775014132278123,-0.1068115234375,-0.13427734375,0.732421875,-0.107421875,0.05859375,0.02685546875,0.0,0.0
29.919728660260034,-0.1068115234375,-0.13427734375,0.726318359375,-0.10986328125,0.05615234375,0.02685546875,0.0,0.0
30.028264556246466,-0.103759765625,-0.13427734375,0.72021484375,-0.10986328125,0.0537109375,0.02685546875,0.0,0.0
30.1368004522329,-0.1007080078125,-0.1373291015625,0.726318359375,-0.10498046875,0.05615234375,0.02685546875,0.0,0.0
30.245336348219332,-0.103759765625,-0.1373291015625,0.726318359375,-0.1025390625,0.05615234375,0.02685546875,0.0,0.0
30.390050876201244,-0.10986328125,-0.1373291015625,0.738525390625,-0.1025390625,0.05615234375,0.02685546875,0.0,0.0
30.498586772187675,-0.10986328125,-0.1373291015625,0.738525390625,-0.107421875,0.05615234375,0.02685546875,0.0,0.0
30.60712266817411,-0.1068115234375,-0.1373291015625,0.738525390625,-0.10986328125,0.05615234375,0.02685546875,0.0,0.0
30.75183719615602,-0.103759765625,-0.1373291015625,0.738525390625,-0.107421875,0.05615234375,0.01953125,0.0,0.0
30.860373092142453,-0.1068115234375,-0.1373291015625,0.78125,-0.10498046875,0.05615234375,-0.0146484375,0.0,0.0
30.968908988128888,-0.1068115234375,-0.140380859375,1.019287109375,-0.09765625,0.0537109375,-0.1318359375,0.0,0.0
31.113623516110795,-0.1007080078125,-0.140380859375,2.142333984375,-0.08544921875,0.0341796875,-0.44921875,0.0,0.0
31.22215941209723,-0.0823974609375,-0.140380859375,3.643798828125,-0.07080078125,0.00244140625,-0.69091796875,0.0,0.0
31.36687394007914,-0.0518798828125,-0.140380859375,5.50537109375,-0.05859375,-0.048828125,-0.76171875,0.0,0.0
31.511588468061053,-0.03662109375,-0.140380859375,5.889892578125,-0.06103515625,-0.078125,-0.56884765625,0.0,0.0
31.620124364047484,-0.0396728515625,-0.140380859375,5.3466796875,-0.0634765625,-0.0732421875,-0.45654296875,0.0,0.0
31.728660260033916,-0.0457763671875,-0.1373291015625,4.833984375,-0.0634765625,-0.05859375,-0.4736328125,0.0,0.0
31.873374788015827,-0.0518798828125,-0.1312255859375,4.89501953125,-0.05615234375,-0.04638671875,-0.5908203125,0.0,0.0
31.981910684002262,-0.0457763671875,-0.13427734375,5.23681640625,-0.05126953125,-0.05615234375,-0.615234375,0.0,0.0
32.12662521198417,-0.03662109375,-0.1434326171875,5.364990234375,-0.05126953125,-0.07080078125,-0.54931640625,0.0,0.0
32.235161107970605,-0.0335693359375,-0.1495361328125,5.157470703125,-0.0537109375,-0.07568359375,-0.51025390625,0.0,0.0
32.379875635952516,-0.0396728515625,-0.140380859375,4.962158203125,-0.05126953125,-0.07080078125,-0.537109375,0.0,0.0
32.48841153193895,-0.048828125,-0.1251220703125,5.047607421875,-0.04638671875,-0.068359375,-0.57373046875,0.0,0.0
32.59694742792538,-0.0518798828125,-0.1190185546875,5.18798828125,-0.04638671875,-0.06591796875,-0.57861328125,0.0,0.0
32.74166195590729,-0.0457763671875,-0.1251220703125,5.2001953125,-0.048828125,-0.0634765625,-0.54443359375,0.0,0.0
32.850197851893725,-0.042724609375,-0.128173828125,5.096435546875,-0.05126953125,-0.06103515625,-0.5322265625,0.0,0.0
32.994912379875636,-0.042724609375,-0.115966796875,5.035400390625,-0.048828125,-0.0537109375,-0.55419921875,0.0,0.0
33.10344827586207,-0.048828125,-0.1068115234375,5.084228515625,-0.048828125,-0.0537109375,-0.5712890625,0.0,0.0
33.2119841718485,-0.0518798828125,-0.10986328125,5.145263671875,-0.05126953125,-0.05859375,-0.56640625,0.0,0.0
33.35669869983041,-0.0518798828125,-0.13427734375,5.133056640625,-0.048828125,-0.068359375,-0.5419921875,0.0,0.0
33.465234595816845,-0.048828125,-0.1434326171875,5.084228515625,-0.04150390625,-0.06591796875,-0.53466796875,0.0,0.0
33.609949123798756,-0.048828125,-0.128173828125,5.072021484375,-0.03662109375,-0.05859375,-0.546875,0.0,0.0
33.71848501978519,-0.0579833984375,-0.1129150390625,5.1025390625,-0.04150390625,-0.0537109375,-0.55908203125,0.0,0.0
33.8631995477671,-0.0701904296875,-0.1068115234375,5.126953125,-0.048828125,-0.0537109375,-0.55908203125,0.0,0.0
33.97173544375353,-0.0732421875,-0.115966796875,5.11474609375,-0.05126953125,-0.05615234375,-0.55419921875,0.0,0.0
34.11644997173544,-0.06103515625,-0.1220703125,5.084228515625,-0.048828125,-0.05859375,-0.5517578125,0.0,0.0
34.22498586772188,-0.048828125,-0.1220703125,5.09033203125,-0.04638671875,-0.05859375,-0.5517578125,0.0,0.0
34.33352176370831,-0.0457763671875,-0.1190185546875,5.1025390625,-0.048828125,-0.05859375,-0.5517578125,0.0,0.0
34.47823629169022,-0.0457763671875,-0.1220703125,5.11474609375,-0.05126953125,-0.05859375,-0.546875,0.0,0.0
34.58677218767665,-0.0518798828125,-0.1251220703125,5.1025390625,-0.04638671875,-0.06103515625,-0.53955078125,0.0,0.0
34.73148671565856,-0.06103515625,-0.13427734375,5.09033203125,-0.03662109375,-0.06591796875,-0.53466796875,0.0,0.0
34.840022611645,-0.06103515625,-0.140380859375,5.09033203125,-0.03173828125,-0.068359375,-0.53466796875,0.0,0.0
34.98473713962691,-0.0579833984375,-0.140380859375,5.096435546875,-0.03662109375,-0.06591796875,-0.5419921875,0.0,0.0
35.09327303561334,-0.0518798828125,-0.1312255859375,5.1025390625,-0.04638671875,-0.06103515625,-0.546875,0.0,0.0
35.237987563595254,-0.0457763671875,-0.1190185546875,5.096435546875,-0.05615234375,-0.05615234375,-0.5517578125,0.0,0.0
35.34652345958168,-0.0457763671875,-0.115966796875,5.096435546875,-0.05126953125,-0.0537109375,-0.5517578125,0.0,0.0
35.49123798756359,-0.054931640625,-0.1190185546875,5.096435546875,-0.04150390625,-0.05615234375,-0.546875,0.0,0.0
35.59977388355003,-0.0640869140625,-0.1220703125,5.096435546875,-0.0341796875,-0.0537109375,-0.54443359375,0.0,0.0
35.74448841153194,-0.0701904296875,-0.1190185546875,5.084228515625,-0.0341796875,-0.0537109375,-0.546875,0.0,0.0
35.853024307518375,-0.0640869140625,-0.115966796875,5.078125,-0.03662109375,-0.05615234375,-0.54931640625,0.0,0.0
35.997738835500286,-0.054931640625,-0.115966796875,5.072021484375,-0.04150390625,-0.05615234375,-0.546875,0.0,0.0
36.106274731486714,-0.054931640625,-0.1220703125,5.072021484375,-0.04150390625,-0.0537109375,-0.54443359375,0.0,0.0
36.250989259468625,-0.0579833984375,-0.1312255859375,5.072021484375,-0.0390625,-0.05615234375,-0.53955078125,0.0,0.0
36.35952515545506,-0.06103515625,-0.1312255859375,5.072021484375,-0.04150390625,-0.05615234375,-0.53955078125,0.0,0.0
36.50423968343697,-0.054931640625,-0.1220703125,5.06591796875,-0.04638671875,-0.05615234375,-0.546875,0.0,0.0
36.612775579423406,-0.048828125,-0.1190185546875,5.059814453125,-0.048828125,-0.0537109375,-0.54931640625,0.0,0.0
36.75749010740531,-0.048828125,-0.128173828125,5.059814453125,-0.048828125,-0.05126953125,-0.54443359375,0.0,0.0
36.866026003391745,-0.054931640625,-0.13427734375,5.059814453125,-0.0439453125,-0.05126953125,-0.5419921875,0.0,0.0
36.97456189937818,-0.06103515625,-0.13427734375,5.059814453125,-0.0439453125,-0.05126953125,-0.5419921875,0.0,0.0
37.11927642736009,-0.0579833984375,-0.1312255859375,5.0537109375,-0.04638671875,-0.05126953125,-0.54443359375,0.0,0.0
37.22781232334653,-0.054931640625,-0.1312255859375,5.047607421875,-0.0439453125,-0.05126953125,-0.54443359375,0.0,0.0
37.37252685132844,-0.0579833984375,-0.140380859375,5.0537109375,-0.0439453125,-0.05126953125,-0.53955078125,0.0,0.0
37.481062747314866,-0.0579833984375,-0.140380859375,5.0537109375,-0.04638671875,-0.05126953125,-0.53955078125,0.0,0.0
37.62577727529678,-0.054931640625,-0.140380859375,5.059814453125,-0.05615234375,-0.05615234375,-0.5419921875,0.0,0.0
37.73431317128321,-0.048828125,-0.140380859375,5.059814453125,-0.06103515625,-0.05859375,-0.54443359375,0.0,0.0
37.87902769926512,-0.0457763671875,-0.1434326171875,5.059814453125,-0.05615234375,-0.05615234375,-0.5419921875,0.0,0.0
37.98756359525156,-0.048828125,-0.13427734375,5.047607421875,-0.048828125,-0.048828125,-0.5419921875,0.0,0.0
38.13227812323346,-0.054931640625,-0.1129150390625,5.029296875,-0.04638671875,-0.04150390625,-0.546875,0.0,0.0
38.2408140192199,-0.0579833984375,-0.10986328125,5.029296875,-0.05126953125,-0.04150390625,-0.54931640625,0.0,0.0
38.38552854720181,-0.054931640625,-0.140380859375,5.04150390625,-0.0537109375,-0.0537109375,-0.5419921875,0.0,0.0
38.49406444318824,-0.0518798828125,-0.1678466796875,5.047607421875,-0.0537109375,-0.06103515625,-0.53466796875,0.0,0.0
38.638778971170154,-0.048828125,-0.1617431640625,5.04150390625,-0.05615234375,-0.06103515625,-0.5322265625,0.0,0.0
38.74731486715658,-0.0518798828125,-0.13427734375,5.029296875,-0.05859375,-0.05126953125,-0.537109375,0.0,0.0
38.89202939513849,-0.0518798828125,-0.1220703125,5.01708984375,-0.06591796875,-0.04638671875,-0.54443359375,0.0,0.0
39.036743923120405,-0.048828125,-0.1434326171875,5.029296875,-0.0634765625,-0.04638671875,-0.53955078125,0.0,0.0
39.14527981910684,-0.0518798828125,-0.152587890625,5.035400390625,-0.05615234375,-0.04638671875,-0.5322265625,0.0,0.0
39.28999434708875,-0.0640869140625,-0.128173828125,5.029296875,-0.048828125,-0.0390625,-0.53466796875,0.0,0.0
39.398530243075186,-0.067138671875,-0.103759765625,5.023193359375,-0.048828125,-0.03173828125,-0.54443359375,0.0,0.0
39.5432447710571,-0.06103515625,-0.0946044921875,5.023193359375,-0.05859375,-0.0341796875,-0.5517578125,0.0,0.0
39.651780667043525,-0.0518798828125,-0.10986328125,5.029296875,-0.0634765625,-0.0390625,-0.546875,0.0,0.0
39.796495195025436,-0.0579833984375,-0.1251220703125,5.029296875,-0.05615234375,-0.0390625,-0.53955078125,0.0,0.0
39.90503109101187,-0.067138671875,-0.115966796875,5.023193359375,-0.048828125,-0.0341796875,-0.5419921875,0.0,0.0
40.04974561899378,-0.0701904296875,-0.1007080078125,5.01708984375,-0.04638671875,-0.029296875,-0.546875,0.0,0.0
40.15828151498022,-0.06103515625,-0.103759765625,5.01708984375,-0.05126953125,-0.03173828125,-0.546875,0.0,0.0
40.30299604296213,-0.048828125,-0.1220703125,5.023193359375,-0.06103515625,-0.04150390625,-0.5419921875,0.0,0.0
40.411531938948556,-0.048828125,-0.128173828125,5.023193359375,-0.05859375,-0.0439453125,-0.537109375,0.0,0.0
40.55624646693047,-0.06103515625,-0.1190185546875,5.010986328125,-0.04638671875,-0.0390625,-0.537109375,0.0,0.0
40.70096099491238,-0.067138671875,-0.10986328125,5.010986328125,-0.03662109375,-0.03662109375,-0.53955078125,0.0,0.0
40.809496890898814,-0.0640869140625,-0.1129150390625,5.010986328125,-0.04150390625,-0.03662109375,-0.5419921875,0.0,0.0
40.954211418880725,-0.0518798828125,-0.1190185546875,5.0048828125,-0.05615234375,-0.0439453125,-0.53955078125,0.0,0.0
41.06274731486716,-0.048828125,-0.1251220703125,4.998779296875,-0.0634765625,-0.0439453125,-0.53955078125,0.0,0.0
41.17128321085359,-0.054931640625,-0.128173828125,4.998779296875,-0.06103515625,-0.0390625,-0.53955078125,0.0,0.0
41.3159977388355,-0.0701904296875,-0.1220703125,4.998779296875,-0.04638671875,-0.029296875,-0.537109375,0.0,0.0
41.424533634821934,-0.0762939453125,-0.1129150390625,4.99267578125,-0.0439453125,-0.029296875,-0.537109375,0.0,0.0
41.53306953080837,-0.0762939453125,-0.1007080078125,4.986572265625,-0.05126953125,-0.0341796875,-0.53466796875,0.0,0.0
41.67778405879028,-0.0701904296875,-0.10986328125,4.998779296875,-0.06103515625,-0.04150390625,-0.537109375,0.0,0.0
41.78631995477671,-0.067138671875,-0.128173828125,5.010986328125,-0.05859375,-0.0439453125,-0.537109375,0.0,0.0
41.89485585076314,-0.067138671875,-0.1434326171875,5.010986328125,-0.05126953125,-0.0439453125,-0.53466796875,0.0,0.0
42.039570378745054,-0.0640869140625,-0.140380859375,4.998779296875,-0.048828125,-0.0439453125,-0.5322265625,0.0,0.0
42.14810627473149,-0.0640869140625,-0.1312255859375,4.986572265625,-0.05615234375,-0.0439453125,-0.53466796875,0.0,0.0
42.25664217071792,-0.06103515625,-0.128173828125,4.986572265625,-0.06103515625,-0.04638671875,-0.53466796875,0.0,0.0
42.40135669869983,-0.0579833984375,-0.140380859375,4.96826171875,-0.06103515625,-0.048828125,-0.5224609375,0.0,0.0
42.509892594686264,-0.0579833984375,-0.1434326171875,4.840087890625,-0.06103515625,-0.0439453125,-0.478515625,0.0,0.0
42.6184284906727,-0.0579833984375,-0.1312255859375,4.388427734375,-0.0634765625,-0.029296875,-0.361328125,0.0,0.0
42.72696438665913,-0.067138671875,-0.115966796875,3.448486328125,-0.0732421875,-0.00244140625,-0.16845703125,0.0,0.0
42.87167891464104,-0.0885009765625,-0.1220703125,1.74560546875,-0.0927734375,0.0390625,0.087890625,0.0,0.0
42.98021481062747,-0.1007080078125,-0.1434326171875,0.762939453125,-0.10009765625,0.06103515625,0.15869140625,0.0,0.0
43.08875070661391,-0.103759765625,-0.1556396484375,0.45166015625,-0.10009765625,0.068359375,0.107421875,0.0,0.0
43.23346523459582,-0.1007080078125,-0.1495361328125,0.78125,-0.0927734375,0.05859375,0.0,0.0,0.0
43.34200113058225,-0.1007080078125,-0.13427734375,1.01318359375,-0.09033203125,0.05126953125,-0.01220703125,0.0,0.0
43.45053702656868,-0.103759765625,-0.128173828125,0.946044921875,-0.0927734375,0.0537109375,0.03173828125,0.0,0.0
43.59525155455059,-0.1068115234375,-0.140380859375,0.653076171875,-0.09521484375,0.0634765625,0.0732421875,0.0,0.0
43.70378745053703,-0.1068115234375,-0.1495361328125,0.592041015625,-0.0927734375,0.0634765625,0.05615234375,0.0,0.0
43.812323346523456,-0.103759765625,-0.1495361328125,0.701904296875,-0.087890625,0.05859375,0.0244140625,0.0,0.0
43.92085924250989,-0.1007080078125,-0.1434326171875,0.811767578125,-0.087890625,0.05615234375,0.0146484375,0.0,0.0
44.0655737704918,-0.103759765625,-0.1373291015625,0.78125,-0.09033203125,0.0537109375,0.0390625,0.0,0.0
44.17410966647824,-0.103759765625,-0.13427734375,0.689697265625,-0.0927734375,0.05615234375,0.05126953125,0.0,0.0
44.28264556246467,-0.103759765625,-0.1373291015625,0.6591796875,-0.0927734375,0.05615234375,0.04638671875,0.0,0.0
44.42736009044658,-0.1007080078125,-0.1373291015625,0.732421875,-0.09521484375,0.05859375,0.02685546875,0.0,0.0
44.53589598643301,-0.09765625,-0.1373291015625,0.787353515625,-0.09521484375,0.06103515625,0.0244140625,0.0,0.0
44.64443188241945,-0.1007080078125,-0.1373291015625,0.775146484375,-0.09765625,0.0634765625,0.029296875,0.0,0.0
44.78914641040136,-0.1068115234375,-0.1373291015625,0.714111328125,-0.09521484375,0.06103515625,0.0341796875,0.0,0.0
44.89768230638779,-0.10986328125,-0.140380859375,0.701904296875,-0.0927734375,0.06103515625,0.02685546875,0.0,0.0
45.00621820237422,-0.10986328125,-0.1434326171875,0.738525390625,-0.09033203125,0.05859375,0.02197265625,0.0,0.0
45.15093273035613,-0.103759765625,-0.140380859375,0.787353515625,-0.09521484375,0.06103515625,0.0244140625,0.0,0.0
45.25946862634257,-0.1007080078125,-0.140380859375,0.78125,-0.10009765625,0.06103515625,0.03173828125,0.0,0.0
45.368004522329,-0.1007080078125,-0.1373291015625,0.74462890625,-0.10009765625,0.0634765625,0.0341796875,0.0,0.0
45.51271905031091,-0.1007080078125,-0.140380859375,0.714111328125,-0.09765625,0.0634765625,0.029296875,0.0,0.0
45.62125494629734,-0.1007080078125,-0.140380859375,0.726318359375,-0.09521484375,0.06103515625,0.02685546875,0.0,0.0
45.729790842283776,-0.103759765625,-0.140380859375,0.738525390625,-0.09521484375,0.05859375,0.02685546875,0.0,0.0
45.87450537026569,-0.103759765625,-0.1434326171875,0.750732421875,-0.09765625,0.06103515625,0.03173828125,0.0,0.0
45.98304126625212,-0.103759765625,-0.1434326171875,0.738525390625,-0.10009765625,0.06103515625,0.03173828125,0.0,0.0
46.09157716223855,-0.1007080078125,-0.1434326171875,0.732421875,-0.09765625,0.0634765625,0.029296875,0.0,0.0
46.23629169022046,-0.0946044921875,-0.1434326171875,0.74462890625,-0.09765625,0.06103515625,0.02685546875,0.0,0.0
46.3448275862069,-0.0946044921875,-0.140380859375,0.7568359375,-0.09765625,0.06103515625,0.029296875,0.0,0.0
46.48954211418881,-0.09765625,-0.13427734375,0.750732421875,-0.09765625,0.06103515625,0.029296875,0.0,0.0
46.59807801017524,-0.1007080078125,-0.13427734375,0.738525390625,-0.09765625,0.06103515625,0.029296875,0.0,0.0
46.70661390616167,-0.1007080078125,-0.1373291015625,0.732421875,-0.09765625,0.05859375,0.029296875,0.0,0.0
46.85132843414358,-0.1007080078125,-0.140380859375,0.74462890625,-0.09521484375,0.05859375,0.029296875,0.0,0.0
46.95986433013002,-0.1007080078125,-0.140380859375,0.7568359375,-0.0927734375,0.06103515625,0.029296875,0.0,0.0
47.06840022611645,-0.1007080078125,-0.1434326171875,0.762939453125,-0.09521484375,0.0634765625,0.029296875,0.0,0.0
47.21311475409836,-0.1007080078125,-0.1434326171875,0.74462890625,-0.09521484375,0.06591796875,0.029296875,0.0,0.0
47.32165065008479,-0.1007080078125,-0.1434326171875,0.738525390625,-0.09521484375,0.0634765625,0.029296875,0.0,0.0
47.430186546071226,-0.1007080078125,-0.140380859375,0.738525390625,-0.09521484375,0.0634765625,0.029296875,0.0,0.0
47.57490107405314,-0.1007080078125,-0.1373291015625,0.738525390625,-0.0927734375,0.0634765625,0.029296875,0.0,0.0
47.68343697003957,-0.09765625,-0.1373291015625,0.738525390625,-0.09033203125,0.0634765625,0.029296875,0.0,0.0
47.791972866026,-0.0946044921875,-0.140380859375,0.738525390625,-0.0927734375,0.0634765625,0.029296875,0.0,0.0
47.93668739400791,-0.09765625,-0.140380859375,0.738525390625,-0.0927734375,0.0634765625,0.029296875,0.0,0.0
48.04522328999435,-0.0946044921875,-0.1373291015625,0.738525390625,-0.09033203125,0.0634765625,0.029296875,0.0,0.0
48.18993781797626,-0.091552734375,-0.128173828125,0.732421875,-0.087890625,0.0634765625,0.029296875,0.0,0.0
48.29847371396269,-0.091552734375,-0.128173828125,0.72021484375,-0.087890625,0.06591796875,0.029296875,0.0,0.0
48.40700960994912,-0.091552734375,-0.1312255859375,0.714111328125,-0.09033203125,0.06591796875,0.02685546875,0.0,0.0
48.55172413793103,-0.09765625,-0.1373291015625,0.72021484375,-0.0927734375,0.0634765625,0.0244140625,0.0,0.0
48.66026003391747,-0.1007080078125,-0.1373291015625,0.738525390625,-0.0927734375,0.06103515625,0.02685546875,0.0,0.0
48.80497456189938,-0.09765625,-0.1312255859375,0.750732421875,-0.0927734375,0.0634765625,0.03173828125,0.0,0.0
48.91351045788581,-0.0946044921875,-0.128173828125,0.750732421875,-0.0927734375,0.06591796875,0.03173828125,0.0,0.0
49.02204635387224,-0.0946044921875,-0.128173828125,0.738525390625,-0.0927734375,0.0634765625,0.029296875,0.0,0.0
49.16676088185415,-0.0946044921875,-0.1373291015625,0.738525390625,-0.0927734375,0.0634765625,0.02685546875,0.0,0.0
49.27529677784059,-0.0946044921875,-0.140380859375,0.74462890625,-0.0927734375,0.0634765625,0.029296875,0.0,0.0
49.4200113058225,-0.0946044921875,-0.13427734375,0.7568359375,-0.0927734375,0.0634765625,0.03173828125,0.0,0.0
49.528547201808934,-0.0946044921875,-0.1312255859375,0.7568359375,-0.0927734375,0.0634765625,0.029296875,0.0,0.0
49.63708309779536,-0.09765625,-0.1312255859375,0.7568359375,-0.09521484375,0.0634765625,0.029296875,0.0,0.0
49.78179762577727,-0.1007080078125,-0.1373291015625,0.7568359375,-0.09765625,0.0634765625,0.029296875,0.0,0.0
49.89033352176371,-0.1007080078125,-0.140380859375,0.762939453125,-0.09521484375,0.0634765625,0.029296875,0.0,0.0
50.03504804974562,-0.1007080078125,-0.1373291015625,0.76904296875,-0.09521484375,0.0634765625,0.029296875,0.0,0.0
50.143583945732054,-0.1007080078125,-0.13427734375,0.762939453125,-0.09521484375,0.0634765625,0.029296875,0.0,0.0
50.25211984171848,-0.1007080078125,-0.13427734375,0.762939453125,-0.09521484375,0.0634765625,0.02685546875,0.0,0.0
50.39683436970039,-0.1007080078125,-0.140380859375,0.762939453125,-0.09521484375,0.0634765625,0.0244140625,0.0,0.0
50.50537026568683,-0.1007080078125,-0.1434326171875,0.762939453125,-0.0927734375,0.0634765625,0.02685546875,0.0,0.0
50.65008479366874,-0.09765625,-0.140380859375,0.762939453125,-0.09033203125,0.0634765625,0.02685546875,0.0,0.0
50.758620689655174,-0.0946044921875,-0.1373291015625,0.762939453125,-0.09033203125,0.06103515625,0.029296875,0.0,0.0
50.8671565856416,-0.09765625,-0.13427734375,0.762939453125,-0.09033203125,0.06103515625,0.03173828125,0.0,0.0
51.01187111362351,-0.09765625,-0.140380859375,0.762939453125,-0.0927734375,0.0634765625,0.029296875,0.0,0.0
51.12040700960995,-0.0946044921875,-0.1434326171875,0.7568359375,-0.09521484375,0.0634765625,0.029296875,0.0,0.0
51.228942905596384,-0.091552734375,-0.1434326171875,0.7568359375,-0.09521484375,0.06103515625,0.029296875,0.0,0.0
51.373657433578295,-0.0946044921875,-0.1373291015625,0.7568359375,-0.0927734375,0.05859375,0.029296875,0.0,0.0
51.48219332956472,-0.09765625,-0.1373291015625,0.7568359375,-0.09033203125,0.06103515625,0.029296875,0.0,0.0
51.59072922555116,-0.1007080078125,-0.140380859375,0.7568359375,-0.0927734375,0.06591796875,0.029296875,0.0,0.0
51.73544375353307,-0.1007080078125,-0.1434326171875,0.74462890625,-0.0927734375,0.06591796875,0.029296875,0.0,0.0
51.843979649519504,-0.09765625,-0.140380859375,0.74462890625,-0.0927734375,0.0634765625,0.029296875,0.0,0.0
51.988694177501415,-0.09765625,-0.13427734375,0.738525390625,-0.0927734375,0.06103515625,0.02685546875,0.0,0.0
52.09723007348784,-0.1007080078125,-0.1312255859375,0.738525390625,-0.0927734375,0.0634765625,0.0244140625,0.0,0.0
52.241944601469754,-0.103759765625,-0.128173828125,0.738525390625,-0.0927734375,0.06591796875,0.02685546875,0.0,0.0
52.35048049745619,-0.1007080078125,-0.1312255859375,0.74462890625,-0.0927734375,0.0634765625,0.02685546875,0.0,0.0
52.459016393442624,-0.09765625,-0.13427734375,0.750732421875,-0.0927734375,0.0634765625,0.02685546875,0.0,0.0
52.603730921424535,-0.1007080078125,-0.1312255859375,0.7568359375,-0.0927734375,0.06103515625,0.02685546875,0.0,0.0
52.71226681741096,-0.1007080078125,-0.1312255859375,0.750732421875,-0.0927734375,0.05859375,0.02685546875,0.0,0.0
52.856981345392875,-0.1007080078125,-0.13427734375,0.74462890625,-0.0927734375,0.06103515625,0.02685546875,0.0,0.0
52.96551724137931,-0.1007080078125,-0.1373291015625,0.750732421875,-0.0927734375,0.05859375,0.029296875,0.0,0.0
53.074053137365745,-0.1007080078125,-0.13427734375,0.7568359375,-0.0927734375,0.05859375,0.029296875,0.0,0.0
53.218767665347656,-0.1007080078125,-0.13427734375,0.762939453125,-0.09521484375,0.05615234375,0.0244140625,0.0,0.0
53.327303561334084,-0.1007080078125,-0.13427734375,0.762939453125,-0.09765625,0.05859375,0.0244140625,0.0,0.0
53.472018089315995,-0.1007080078125,-0.140380859375,0.762939453125,-0.0927734375,0.05859375,0.02685546875,0.0,0.0
53.58055398530243,-0.1007080078125,-0.140380859375,0.76904296875,-0.09033203125,0.05615234375,0.029296875,0.0,0.0
53.689089881288865,-0.1007080078125,-0.1373291015625,0.775146484375,-0.09033203125,0.0537109375,0.029296875,0.0,0.0
53.833804409270776,-0.1007080078125,-0.1312255859375,0.76904296875,-0.09521484375,0.05615234375,0.02685546875,0.0,0.0
53.942340305257204,-0.1007080078125,-0.1312255859375,0.762939453125,-0.09765625,0.05859375,0.0244140625,0.0,0.0
54.087054833239115,-0.09765625,-0.13427734375,0.74462890625,-0.09521484375,0.06103515625,0.02685546875,0.0,0.0
54.19559072922555,-0.0946044921875,-0.1373291015625,0.738525390625,-0.0927734375,0.05859375,0.02685546875,0.0,0.0
54.34030525720746,-0.09765625,-0.13427734375,0.74462890625,-0.09033203125,0.05615234375,0.02685546875,0.0,0.0
54.4488411531939,-0.09765625,-0.13427734375,0.74462890625,-0.0927734375,0.05859375,0.02685546875,0.0,0.0
54.557377049180324,-0.09765625,-0.1373291015625,0.74462890625,-0.0927734375,0.05859375,0.02685546875,0.0,0.0
54.702091577162236,-0.09765625,-0.140380859375,0.74462890625,-0.09033203125,0.06103515625,0.02685546875,0.0,0.0
54.81062747314867,-0.09765625,-0.1373291015625,0.74462890625,-0.09033203125,0.0634765625,0.02685546875,0.0,0.0
54.919163369135106,-0.09765625,-0.1373291015625,0.738525390625,-0.0927734375,0.06103515625,0.02685546875,0.0,0.0
55.06387789711702,-0.09765625,-0.140380859375,0.738525390625,-0.09521484375,0.06103515625,0.02685546875,0.0,0.0
55.172413793103445,-0.09765625,-0.1434326171875,0.738525390625,-0.09033203125,0.0634765625,0.02685546875,0.0,0.0
55.317128321085356,-0.09765625,-0.140380859375,0.738525390625,-0.087890625,0.06591796875,0.02685546875,0.0,0.0
55.42566421707179,-0.09765625,-0.140380859375,0.74462890625,-0.087890625,0.0634765625,0.02685546875,0.0,0.0
55.534200113058226,-0.09765625,-0.1373291015625,0.74462890625,-0.09033203125,0.0634765625,0.02685546875,0.0,0.0
55.67891464104014,-0.09765625,-0.140380859375,0.74462890625,-0.0927734375,0.0634765625,0.02685546875,0.0,0.0
55.787450537026565,-0.09765625,-0.140380859375,0.74462890625,-0.09033203125,0.0634765625,0.02685546875,0.0,0.0
